net,length_um
_110_,195.525
_201_,185.51
_202_,162.07
_120_,146.35
clknet_2_0__leaf_clk,126.72
_106_,123.605
clknet_2_3__leaf_clk,116.66
_142_,114.39
_203_,113.95
clknet_2_1__leaf_clk,112.24
_105_,112.12
_114_,110.04
clknet_2_2__leaf_clk,108.86
_200_,103.22
_126_,102.82
_127_,98.06
_125_,93.07
_199_,82.72
net24,82.7
net12,68.36
net1,66
net8,64.12
_096_,60.9
clknet_0_clk,59.36
net20,58.1
clk,56.01
_157_,55.575
net15,53.7
_102_,50.99
net6,47.6
net11,43.2
clk_count\[0\],41.96
clk_count\[1\],41.48
rx_shift\[0\],41.18
rx_shift\[6\],40.52
net27,38.62
clk_count\[8\],38.38
net18,38.32
net9,37.24
clk_count\[9\],36.7
net3,35.42
clk_count\[13\],33.84
net13,32.73
clk_count\[2\],31.7
net17,31.48
clk_count\[5\],31.4
net29,31.22
_145_,31.2
clk_count\[6\],31.16
net19,30.94
net10,30.38
net37,30.12
net21,29.54
clk_count\[11\],29.02
rx_shift\[3\],28.38
clk_count\[10\],27.64
_103_,27.5
clk_count\[4\],27.5
net23,27.44
_158_,26.2
clk_count\[12\],26.09
net32,26
clk_count\[3\],25.9
rx_shift\[5\],24.36
_160_,23.83
_101_,22.86
tx_data[6],22.11
net16,21.32
_109_,20.61
net36,20.24
bit_count\[0\],20.18
_161_,19.86
tx_shift\[4\],19.84
done,19.72
net34,19.7
net5,19.06
bit_count\[1\],18.86
net22,18.24
_112_,16.8
tx_shift\[1\],16.74
miso,16.13
clk_count\[15\],15.98
net4,15.94
_156_,15.84
_193_,15.74
_097_,15.48
_184_,15.48
net14,15.46
rx_data[5],14.82
clk_count\[14\],14.8
tx_shift\[2\],14.8
net25,14.26
tx_data[7],14.09
cs,13.98
_187_,13.61
tx_data[3],12.7
_197_,12.62
rx_data[0],12.6
_167_,12.54
_181_,12.4
_044_,12.33
clk_count\[7\],12.12
_108_,12.08
_104_,11.82
net2,11.775
rx_data[7],11.68
_118_,11.6
mosi,11.22
rx_data[1],11.22
_147_,11.16
_100_,11.12
_053_,10.78
_177_,10.72
tx_data[4],10.66
_146_,10.64
_144_,10.58
_000_,10.245
_179_,10.14
tx_shift\[0\],9.94
tx_shift\[5\],9.74
_085_,9.52
_089_,9.42
_115_,9.38
net31,9.36
_171_,9.24
_099_,9.02
rx_data[2],8.96
rx_data[4],8.96
_164_,8.92
_090_,8.82
start,8.72
_075_,8.62
_175_,8.44
rx_shift\[2\],8.44
net7,8.44
_173_,8.34
_052_,8.28
_086_,8.16
_095_,7.98
rx_shift\[4\],7.98
_140_,7.9
_065_,7.76
tx_shift\[3\],7.74
_083_,7.64
net61,7.64
rx_data[6],7.58
_074_,7.56
_196_,7.54
_163_,7.52
net56,7.44
_041_,7.34
_119_,7.22
_131_,7.22
net62,7.22
bit_count\[3\],7.16
net59,7.1
_023_,7.06
net46,7
_191_,6.98
_132_,6.9
_064_,6.88
_067_,6.88
_170_,6.74
_149_,6.6
_045_,6.37
_189_,6.14
net51,6.14
_121_,6.08
_188_,6.04
_165_,6.02
_162_,5.98
rst,5.97
_030_,5.94
_107_,5.82
_124_,5.8
_134_,5.8
_150_,5.8
_021_,5.78
net35,5.72
tx_data[2],5.63
net58,5.62
_111_,5.6
net38,5.52
net43,5.52
_055_,5.5
net42,5.4
_116_,5.34
_128_,5.34
_136_,5.34
tx_data[5],5.29
_183_,5.26
_122_,5.22
_135_,5.22
_169_,5.22
tx_data[1],5.17
rx_shift\[1\],5.14
tx_shift\[6\],5.1
_027_,5.07
_080_,4.92
_154_,4.88
_139_,4.8
_198_,4.8
net52,4.8
_194_,4.78
_141_,4.76
_143_,4.76
_043_,4.61
net53,4.6
bit_count\[2\],4.56
_117_,4.52
_137_,4.42
rx_data[3],4.39
_153_,4.34
_180_,4.34
tx_data[0],4.15
net48,4.14
_063_,4
_094_,4
net28,4
net57,4
_123_,3.98
busy,3.93
sclk,3.93
_155_,3.9
_088_,3.845
_098_,3.78
net64,3.78
_182_,3.74
rx_shift\[7\],3.68
_093_,3.66
_172_,3.66
_048_,3.57
_025_,3.54
_061_,3.54
_073_,3.54
_076_,3.54
_133_,3.44
_151_,3.44
_186_,3.42
net60,3.42
_007_,3.3
net39,3.22
net40,3.22
net49,3.22
_113_,3.18
_003_,3.13
_195_,3.1
_129_,3.08
net50,3.08
net63,3.08
_014_,3.03
_176_,2.96
_190_,2.96
_031_,2.89
_066_,2.86
_004_,2.84
_008_,2.84
_019_,2.84
_028_,2.84
_039_,2.84
_040_,2.84
net41,2.76
net45,2.76
_018_,2.74
_050_,2.74
_068_,2.74
_082_,2.74
_005_,2.69
_009_,2.69
_013_,2.69
_026_,2.69
_034_,2.69
_042_,2.67
_192_,2.64
_062_,2.62
_072_,2.62
_081_,2.62
_092_,2.62
_168_,2.62
_012_,2.5
_015_,2.5
net26,2.5
net33,2.5
_016_,2.38
_017_,2.38
_049_,2.38
_059_,2.305
_001_,2.3
_178_,2.3
net44,2.3
net47,2.3
_051_,2.28
_159_,2.27
_011_,2.23
_020_,2.23
_024_,2.23
_033_,2.23
_037_,2.23
_038_,2.23
_046_,2.21
_060_,2.18
_078_,2.18
_084_,2.18
_010_,2.16
_077_,2.16
_166_,2.16
net30,2.16
_152_,2.06
_174_,2.06
_185_,2.04
net55,2.04
_130_,1.94
_054_,1.845
_138_,1.84
_002_,1.82
_006_,1.82
_022_,1.82
_032_,1.82
_056_,1.82
_057_,1.82
_071_,1.82
_079_,1.82
_058_,1.7
_070_,1.7
net54,1.38
_029_,1.36
_035_,1.36
_036_,1.36
_047_,1.36
_069_,1.36
_148_,1.14
_087_,0.8
_091_,0.8
